<application>
  <component name="ExportableFileTemplateSettings">
    <default_templates>
      <template name="Atom Component.tsx" file-name="$NAME/$NAME" reformat="true" live-template-enabled="false">
        <template name="Atom Component.tsx.child.3.tsx" file-name="$NAME/${NAME}.stories" reformat="true" live-template-enabled="false" />
        <template name="Atom Component.tsx.child.2.ts" file-name="$NAME/${NAME}.types" reformat="true" live-template-enabled="false" />
        <template name="Atom Component.tsx.child.1.scss" file-name="$NAME/${NAME}.module" reformat="true" live-template-enabled="false" />
        <template name="Atom Component.tsx.child.0.tsx" file-name="$NAME/${NAME}.test" reformat="true" live-template-enabled="false" />
      </template>
      <template name="Atom Component.tsx.child.0.tsx" file-name="$NAME/${NAME}.test" reformat="true" live-template-enabled="false" />
      <template name="Atom Component.tsx.child.1.scss" file-name="$NAME/${NAME}.module" reformat="true" live-template-enabled="false" />
      <template name="Atom Component.tsx.child.2.ts" file-name="$NAME/${NAME}.types" reformat="true" live-template-enabled="false" />
      <template name="Atom Component.tsx.child.3.tsx" file-name="$NAME/${NAME}.stories" reformat="true" live-template-enabled="false" />
    </default_templates>
  </component>
</application>